actor,financial_infeasibility_score,margin_pressure_score,operational_burden_score,frontier_inefficiency_score,precipitation_stress_score,low_utilization_pressure
Farmer,0.2125,0.24125,0.20195080181154815,0.7353482352547169,0.5,0.6742776765941464
Rice Miller,0.5719047619047619,0.5228571428571428,0.08696823291153206,0.3103911094695478,0.5,0.4649319175470867
Middlemen,0.8278846153846153,0.79375,0.12712179511102925,0.4730657960247341,0.29634615384615387,0.35197041782490734
Wholesaler,0.5447368421052632,0.5302631578947368,0.08717428385286077,0.9489508005109795,0.2660526315789474,0.5
Retail,0.9897058823529412,0.988235294117647,0.6017887789722349,0.48661243111933294,0.253921568627451,0.5
