actor,All stress drivers neutralized,No cost shock,No revenue shock,No exposure modifier
Rice Miller,0.6476904761904761,0.33714285714285713,0.20497619047619048,0.006642857142857144
Wholesaler,0.36444078947368425,0.19325657894736842,0.10582236842105264,0.007236842105263157
Middlemen,0.3005048076923077,0.09173076923076923,0.03956730769230769,0.0017788461538461536
Farmer,0.18818125,0.1446875,0.1049375,0.005687500000000001
Retail,0.029411764705882353,0.0,0.0,0.0
