flood_scenario,Low,Moderate,High,Critical
Low,0.2916666666666667,0.16666666666666666,0.2916666666666667,0.25
Medium,0.041666666666666664,0.375,0.08333333333333333,0.5
High,0.0,0.16666666666666666,0.25,0.5833333333333334
