flood_scenario,n_scenarios,min_predicted_probability,median_predicted_probability,max_predicted_probability
High,16667,0.5199991024241158,0.5499976285304322,0.7249898489348393
Low,16667,0.28500965980318843,0.45000225901353563,0.4750012119801683
Medium,16666,0.4750012123936232,0.49999994370611184,0.5199991023949719
