model,mae,rmse,r2
Ridge,1.790161049403377e-06,2.2428357943190447e-06,0.9999999979802693
