mode,model,accuracy_mean,accuracy_std,balanced_accuracy_mean,balanced_accuracy_std,f1_macro_mean,f1_macro_std,f1_weighted_mean,f1_weighted_std,n_features,is_optional_booster,selection_score
operational_prediction,Decision Tree,0.9949238578680203,0.004144652695064611,0.995796103914611,0.003207279654824574,0.9875726650118377,0.010103571895712314,0.9950391370945115,0.004027501634703477,34,False,0.9900396966826697
operational_prediction,Random Forest,0.9949238578680203,0.004144652695064611,0.9904619654282986,0.011466372710318315,0.9876726418357765,0.010103504723799187,0.9949449735993596,0.004147758312128622,34,False,0.9885094389135332
operational_prediction,CatBoost,0.9949238578680203,0.004144652695064611,0.9899990024653357,0.010907356212460183,0.9871213715453945,0.010658793646128635,0.9949456459901777,0.004141884295690075,34,True,0.9879846608213768
operational_prediction,Hist Gradient Boosting,0.9932318104906938,0.006331061568145436,0.9883886965072036,0.013153582861701487,0.9832749642756081,0.01565001190181288,0.9933269701215783,0.006235112503498702,34,False,0.9848090839450867
operational_prediction,XGBoost,0.9898477157360407,0.010965720301874534,0.9806250267196784,0.024065325292366466,0.9748187497732679,0.027233763603617508,0.9899936605473668,0.010799081271452723,34,True,0.976560632857191
operational_prediction,LightGBM,0.9898477157360407,0.010965720301874534,0.9729468599033816,0.034898714786431674,0.9732571296085544,0.029405822222782835,0.9897176277635844,0.011182608130514535,34,True,0.9731640486970025
operational_prediction,Extra Trees,0.9253772575019856,0.025509326169781153,0.8775770673367034,0.01961502416195862,0.8564811191078577,0.03637614641351713,0.9290590006621536,0.022850332584716828,34,False,0.8628099035765114
operational_prediction,Logistic Regression,0.5695293345764701,0.052177227490819704,0.5796201632292437,0.042314210298208,0.5267998256539621,0.03252983167674048,0.6396182156154236,0.040416639271263585,34,False,0.5426459269265466
operational_prediction,Dummy Most Frequent,0.5711868503746677,0.002079363129572792,0.3333333333333333,0.0,0.24235823102093068,0.0005616736315290573,0.4152990076865432,0.002473706530349797,34,False,0.26965076171465147
