actor,base_cost_revenue_ratio,high_stress_cost_revenue_ratio
Farmer,0.4723590003377237,0.6140667004390408
Middlemen,1.1252008340809754,1.4627610843052679
Retail,1.9729166666666669,2.5647916666666664
Rice Miller,0.9136391552660675,1.1877309018458877
Wholesaler,0.8777777777777778,1.141111111111111
